{"367": [[0.5794316530227661, 0.39081108570098877, -0.29741528630256653], [0.6029303073883057, 0.3821770250797272, -0.2708911597728729], [0.612099289894104, 0.3857874870300293, -0.2715083658695221], [0.620750367641449, 0.38897183537483215, -0.2715844511985779], [0.5831559896469116, 0.3740708529949188, -0.2576492428779602], [0.5774141550064087, 0.3718944191932678, -0.25831979513168335], [0.5717569589614868, 0.37003594636917114, -0.25878188014030457], [0.6300495862960815, 0.39928147196769714, -0.07545553147792816], [0.5620666146278381, 0.375485897064209, -0.02428160421550274], [0.581943690776825, 0.4102417826652527, -0.21697594225406647], [0.556435763835907, 0.4032214879989624, -0.20672577619552612], [0.6566607356071472, 0.46770548820495605, -0.04795914888381958], [0.46076667308807373, 0.4498324692249298, 0.13450154662132263], [0.5473092198371887, 0.5634527802467346, -0.26852598786354065], [0.48230648040771484, 0.5527051687240601, -0.1549728363752365], [0.5438701510429382, 0.45632487535476685, -0.596831738948822], [0.5270410180091858, 0.45821642875671387, -0.6374748945236206], [0.5482237339019775, 0.43784278631210327, -0.6733406186103821], [0.524035632610321, 0.4379664361476898, -0.7293727397918701], [0.5752004981040955, 0.4337776303291321, -0.675295352935791], [0.5104383826255798, 0.4295232594013214, -0.7184363007545471], [0.5643182396888733, 0.4395918846130371, -0.6024081110954285], [0.5133325457572937, 0.4371253550052643, -0.6488994359970093], [0.6132919192314148, 0.669567346572876, -0.05400707945227623], [0.4911953806877136, 0.6642522811889648, 0.053582631051540375], [0.572901725769043, 0.8313277959823608, -0.11297193914651871], [0.4714542329311371, 0.8243510127067566, -0.044534940272569656], [0.5908865332603455, 0.9377442598342896, 0.3450774550437927], [0.5074976682662964, 0.9388848543167114, 0.31906676292419434], [0.6031558513641357, 0.9460588693618774, 0.3814033269882202], [0.5265284776687622, 0.9507081508636475, 0.3499411940574646], [0.5687503814697266, 0.9823224544525146, 0.16405387222766876], [0.48834243416786194, 0.9844872355461121, 0.13927452266216278]], "228": [[0.5357903838157654, 0.3713027238845825, -0.3735971748828888], [0.5528180599212646, 0.3603670597076416, -0.34607526659965515], [0.5623387098312378, 0.359876811504364, -0.3467130661010742], [0.5715131163597107, 0.3597080111503601, -0.34665316343307495], [0.5276218056678772, 0.3591413199901581, -0.34639135003089905], [0.5190673470497131, 0.35799917578697205, -0.3471750319004059], [0.5098559260368347, 0.3568650186061859, -0.3475884199142456], [0.581849992275238, 0.35843467712402344, -0.1088157594203949], [0.4917488098144531, 0.35191580653190613, -0.11075661331415176], [0.5483353137969971, 0.37837496399879456, -0.2720464766025543], [0.520566999912262, 0.37817177176475525, -0.27721306681632996], [0.6284801959991455, 0.4119839072227478, 0.0557202585041523], [0.4236663579940796, 0.4100962281227112, 0.06517060101032257], [0.6645678281784058, 0.4997534155845642, -0.14277538657188416], [0.3200436234474182, 0.5179055333137512, -0.19095274806022644], [0.6785914897918701, 0.4655640423297882, -0.6427214741706848], [0.3709845542907715, 0.4329359531402588, -0.709673285484314], [0.690654993057251, 0.44667258858680725, -0.7410411834716797], [0.36526012420654297, 0.4063025414943695, -0.8189176321029663], [0.6838316321372986, 0.43799781799316406, -0.7681565880775452], [0.3797326683998108, 0.3985137939453125, -0.816299319267273], [0.6731410622596741, 0.4461286664009094, -0.6630973219871521], [0.38919132947921753, 0.4071480631828308, -0.7241445779800415], [0.6153981685638428, 0.604804277420044, -0.005363122560083866], [0.4833070635795593, 0.6091493964195251, 0.004790435545146465], [0.6640011668205261, 0.7630081176757812, -0.08611109852790833], [0.45414406061172485, 0.7719796895980835, -0.0636303648352623], [0.7313936352729797, 0.9132951498031616, 0.09778821468353271], [0.4224866032600403, 0.907105028629303, 0.1802750527858734], [0.7193202376365662, 0.9307274222373962, 0.09777335077524185], [0.43883752822875977, 0.9260761737823486, 0.19387057423591614], [0.775530219078064, 0.9746937155723572, -0.2031608670949936], [0.3747950494289398, 0.9717348217964172, -0.0693226009607315]], "61": [[0.49060750007629395, 0.3203537166118622, -0.4102812707424164], [0.5058442950248718, 0.30725979804992676, -0.3854897916316986], [0.5186672806739807, 0.3073839545249939, -0.38592666387557983], [0.5298929810523987, 0.30761629343032837, -0.38576996326446533], [0.47726911306381226, 0.3083754777908325, -0.3803459107875824], [0.46807897090911865, 0.30900463461875916, -0.3811211884021759], [0.4601176679134369, 0.30956897139549255, -0.38145712018013], [0.5471355319023132, 0.31517311930656433, -0.20692698657512665], [0.4571322500705719, 0.31624269485473633, -0.18276569247245789], [0.5170255899429321, 0.3359147012233734, -0.3334759771823883], [0.47595781087875366, 0.3357023596763611, -0.33109787106513977], [0.625193178653717, 0.39314544200897217, -0.04405668377876282], [0.3999055027961731, 0.3969157636165619, -0.0375259704887867], [0.7683155536651611, 0.45994818210601807, 0.06198541074991226], [0.26183953881263733, 0.462763249874115, 0.012883545830845833], [0.663913905620575, 0.5349178910255432, -0.04737481847405434], [0.35547712445259094, 0.5209492444992065, -0.13643425703048706], [0.6266217827796936, 0.54372638463974, -0.08121230453252792], [0.38789260387420654, 0.5435327887535095, -0.1909303367137909], [0.6123206615447998, 0.5312357544898987, -0.10146771371364594], [0.4079749882221222, 0.5313738584518433, -0.203398659825325], [0.6207275986671448, 0.5293330550193787, -0.049993183463811874], [0.40239250659942627, 0.524710476398468, -0.14367803931236267], [0.5823755264282227, 0.5949902534484863, 0.009184649214148521], [0.4554828405380249, 0.5988785028457642, -0.009846649132668972], [0.5790857076644897, 0.766242504119873, -0.014507142826914787], [0.46257132291793823, 0.7669851779937744, -0.09988947957754135], [0.5802484750747681, 0.9081639051437378, 0.21122363209724426], [0.48579496145248413, 0.8969438076019287, 0.1547325700521469], [0.5801627039909363, 0.9159950017929077, 0.22029554843902588], [0.4946524500846863, 0.9037524461746216, 0.1727871149778366], [0.5701781511306763, 0.9568020105361938, -0.03488795459270477], [0.49037259817123413, 0.9546967148780823, -0.06288936734199524]],